Name,Phone,Email
1 & 2 Electrical Solution Ltd,,info@1and2electric.com
107.5 Beach Radio,,info@pattisonmedia.com
1516 Pub & Grill,(778) 475-9146,info@1516pub.com
27th Street Florist,(250) 503-2262,27thst.florist@gmail.com
28th Avenue Homes Ltd,(778) 475-4880,info@28thavehomes.ca
3% Real Estate,+1-1-250-503-2246,hello@3pr.ca
39Th Avenue Massage Therapy,(250) 306-7571,39avemassagetherapy@gmail.com
4 Seasons Real Estate,(250) 549-1233,christian@mortlockrealestate.com
"4-H Armstrong, Vernon, Lumby District",(250) 545-7140,mail@4hbc.ca
4D Creek Ranch,(250) 718-6211,4dcreekranchlumby@gmail.com
50th Parallel Estate Winery,(250) 766-3408,events@50thparallel.com
A & D Asphalt Solutions Ltd.,(250) 546-6610,asphaltsolutionsadestimator@gmail.com
A Fine Kettle of Fish,(250) 545-5665,finekettleofishvernon@gmail.com
"A&W, The McMurray Group",(250) 549-4717,info@downtownvernon.com
A.M.I. Clothing,(250) 542-2649,sales@amiclothing.com
Aberdeen Dental Centre,(250) 545-3319,aberdeendentalcentre@gmail.com
About Time Bookkeeping,(778) 212-5436,abouttimebookkeeping@outlook.com
Absolute Cheer & Tumbling Ltd.,(250) 241-8712,absolute.cgt@gmail.com
AFD Quality Fuels and Lubricants,(780) 438-5930,info@afdpetroleum.com
After School Day Care,(250) 545-7543,info@appletreechildcare.ca
Agar Schneider & Lett,(250) 545-7117,admin@cpavernon.ca
Ahhhh Thai Massage,(778) 866-9663,info@jaidee.ca
Air Design Heating & Cooling Ltd.,(250) 306-0142,office@airdesignheating.com
Alesha Bradley Registered Massage Therapist,(250) 307-3433,info@aleshabradleyrmt.ca
Alexander's Pub and Liquor Store,,alexanderspubliquorstore.shop@gmail.com
All About Youth Consultants,,hello@evlppl.com
All Pro Tree & Landscaping Services,(250) 549-4555,contact@allprotree.ca
All Terrain Construction,(250) 558-8782,allterrainhaner@gmail.com
Allan Brooks Nature Centre,(250) 260-4227,events@abnc.ca
Alpha Vapes,(778) 392-8307,alphavapes.bc@gmail.com
Alpine Spa Covers,(250) 545-7779,info@alpinespacovers.com
Altha Health & Sport,(250) 546-5159,drpaulinet.altha@gmail.com
Amplified Cafe,(250) 545-1001,info@amplifiedcafe.com
Anchor Peak Bookkeeping,,info@cbinsights.com
Ancient Hill Estate Winery,(250) 491-2766,info@ancienthillwinery.com
Anderson Vacations,(778) 475-8261,bookings@andersonvacations.ca
Angel Acres Country Store,(250) 996-1801,support@nourishfoodclub.com
Angelkeys Music Studio,(250) 305-4784,support@mymusicstaff.com
Angus River Earthworks,(250) 309-4666,angusriverearthworks@outlook.com
Anna's Vitamins Plus,(250) 260-1147,info@annasvitaminsplus.com
Anton Bill TMG Realty,(250) 309-3255,billantonstudio@truevine.net
Apple Valley Auto,(250) 542-2331,shop@avauto.com
Applewood Plumbing & Heating,(250) 549-4777,info@applewoodheating.net
Ardene,(877) 606-4233,support@ardene.com
Armstrong Asparagus Farm,,admin@armstrongfarmco.com
Armstrong Craneguy,(250) 996-3239,craneguy56@gmail.com
Armstrong Dental Centre,(250) 546-9811,reception@armstrongsmiles.com
Armstrong Farmers Market,(250) 307-8336,info@armstrongfarmersmarket.ca
Armstrong Lions Club,(705) 676-6410,armstronglions.sec@gmail.com
Armstrong Optometry,(250) 546-2020,info@armstrongoptometry.com
Armstrong Pride Society,(250) 251-8826,info@armstrongpride.ca
Armstrong Registered Massage Therapy,(250) 878-0409,info@armstrongmassage.ca
Armstrong Return-It Depot,(250) 546-2466,brandregistry@returnit.ca
Armstrong Spallumcheen Cemetery,(250) 546-3013,mail@spallumcheentwp.bc.ca
Armstrong Spallumcheen Environmental Trust,(250) 546-6377,info@mycharityfund.ca
Armstrong Spallumcheen Trails Society,(250) 241-2255,astrailssociety@gmail.com
Armstrong Veterinary Clinic,(250) 546-9506,reception@armstrongveterinaryclinic.com
Armstrong Wine And Brew Ltd,(250) 546-6954,info@armstrongwineandbrew.com
Ash & Oak Salon,(250) 541-0223,ashandoaksalon@gmail.com
Ashton Oasis Farm,(250) 838-2655,ashton.oasis@gmail.com
Askews Foods,(250) 546-3039,info@askewsfoods.com
Aspect Dental,(250) 545-4466,reception@aspect.dental
Aspen Landscaping Ltd,(250) 317-7773,info@aspenlandscaping.ca
Associated Environmental,,inquiries@ae.ca
Attivo Health,(778) 475-3600,attivohealthvernon@gmail.com
B.Weightman Construction,(931) 246-0910,bweightman@outlook.com
Back Nine Indoor Golf,(236) 361-7888,infoca@thebackninegolf.com
Back To Earth,(778) 475-2226,admin@getbacktoearth.com
Baird Brothers,(250) 838-6430,bairdbros.ca@gmail.com
Barrique & Java,(250) 275-1556,reservations@sparklinghill.com
BC Pilates Health Hub Ltd,(250) 541-0612,thepilateshealthhub@gmail.com
BDC Vernon,,info@cdap-vernon.ca
BDM Tire Service Ltd,(778) 474-9008,contact@tsbc.ca
Beach Radio 107.5,(250) 545-2141,contact@radio.menu
Beachcomber Home Leisure,(250) 542-3399,info@bhleisure.com
Bean Around The World Coffee,,support@batwcoffee.com
Bean To Cup,(250) 503-2222,beantocup@gmail.com
Bear Paw Earthworks,(250) 545-9899,info@bearpawearthworks.ca
Bear Valley Highlands,(778) 373-5684,info@bearvalleyhighlands.com
Beaumont Mortgage Group,(604) 536-3802,neil@neilbeaumont.ca
Beaver Lake Mountain Resort,(250) 762-2225,info@beaverlakeresort.com
Beelineweb.com,(866) 766-2589,info@beelineweb.com
Beem Credit Union,(250) 545-1234,info@gfcu.com
Bertelsen Plumbing,(250) 542-4153,office@bertelsenplumbing.com
Better Than Nature Indoor Garden Supply,(604) 588-4769,info@pnwgardensupply.com
Big Blue 4X4 Mobile Welding,(250) 766-3958,codyswelding06@gmail.com
Big Dipper Hot Tub Co.,(250) 306-1872,bigdipperhottubs@gmail.com
Bighorn Moving and Storage,(250) 766-1966,info@bighornmoving.ca
Black Fox,(778) 212-1973,support@vagaro.com
Black Isle Farms,(250) 833-6459,letters@castanet.net
Blind Tiger Vineyards,(250) 766-0622,hello@blindtigervineyards.ca
Bloom Salon,(250) 545-7800,info@greencirclesalons.com
Bloom Wellness Centre,(604) 988-1411,hello@bloomwellness.com
Blue Grass Farm,,hello@bluegrassfarmbc.ca
Blue Valley Painting,(250) 308-2413,info@bluevalleypainting.com
Bluebird Sport & Spine Physiotherapy,,info@bluebirdsportandspine.ca
Bluegreen Architecture,(778) 506-4567,info@bluegreenarch.com
BNA Brewing,(250) 558-2635,info@bnabrewing.com
Boa Thong Thai Food Restaurant,(250) 542-1252,info@boathong.ca
Borrowman Electric,(778) 473-3004,sales@borrowman.ca
Boschtech Plumbing,(250) 938-5878,boschtechplumbing@gmail.com
Bosman Accounting,(250) 542-2180,info@bosmanaccounting.com
Boys & Girls Club Okanagan),(250) 546-3465,office@bgc.ca
Bridlewood Riding Centre,(250) 862-0998,bridlewoodriding@gmail.com
Bright Angel Farm,(250) 558-5552,brightangelfarm@gmail.com
Brown Mechanical Services,(250) 545-4211,info@brown-mechanical.ca
Bugaboo Bakery,(250) 545-3208,bugabooscafe@gmail.com
Bun Tan Pho & Sushi,(778) 475-6191,sakurasushi.vernon@gmail.com
Burr Fabrication,(250) 549-0581,burrfabrication@gmail.com
Burton Tree Service,(250) 833-8705,james@burtontree.ca
Cabbana Indian Bistro,(778) 943-2080,info@mysite.com
Cactus Club Cafe - Vernon,(778) 506-2494,support@provenexpert.com
Cal Pro Electrical Ltd,(250) 938-0380,info@mcleanselectrical.com
Cali Garden Landscaping,(236) 599-0550,info@caligarden.ca
Cambium Cider Co,(250) 541-0655,hello@cambiumcider.com
Cambridge Building Products Ltd,(403) 354-1742,greg@cambridgebp.com
Camel's Hump Guest Ranch,(250) 547-2207,camelshumpranch@gmail.com
Canadian 4X4,(250) 938-7007,cpzieman@gmail.com
Canadian Wildlife Museum & Gift Shop,(250) 545-9740,info@canadianwildlifemuseum.com
CanHealth and Dental Plans Ltd,(250) 838-6848,casebrad@telus.net
Cardiff Miller Art Warehouse,,cmawenderby@gmail.com
Cardinal Vow Media,(236) 700-0808,hello@cardinalvow.com
Carisma Cleaning Services,(250) 469-9035,hello@anyclean.ca
Carlie Patterson - Hair Stylist,(778) 821-2139,contact@tryhair.ai
Carousel Consignments,(250) 542-2677,carouselconsignmentsokemos@gmail.com
Carr Calvin Royal LePage,(250) 260-8133,info@barbaracarr.ca
Casabella Hair Studio,(250) 838-2237,info@casabella.ee
Castle On The Mountain B&B,(250) 542-4593,info@castleonthemountain.com
Cathy's Epicure Business,(250) 546-6344,info@vernonwellnessfair.com
Caufields Engraving,(250) 542-6293,orders@caufieldsengraving.com
Cedar Solutions & Millworks,(250) 838-0899,nic@cedarsolutions.ca
Cento wear,(250) 542-5484,info@centowear.ca
Central Animal Hospital,(250) 549-0402,reception@centralahvernon.com
Central Okanagan Economic Development Commission (COEDC),(250) 469-6280,info@investkelowna.com
Chapman Industries Ltd,(250) 549-2907,info@chapmanindustries.ca
Chapman Mechanical,(250) 545-9040,admin@chapmanmechanical.ca
Cheeky Tones,(250) 838-2120,cheekytonesltd@hotmail.com
Chelsea Kramer Notary Corp,(236) 600-2929,info@cknotary.ca
Cherkowski Marsden LLP,(250) 308-0338,info@cmlawyers.ca
Chris' Automotive,(250) 547-1456,admin@chrisautomotive.ca
City Furniture,(833) 822-9306,mail@cityfurniturecanada.com
City of Enderby,(250) 838-7230,info@cityofenderby.com
Clark Robinson Chartered Professional Accountants,(250) 545-7264,info@clarkrobinson.com
Co-operators,(877) 545-2667,client_service_support@cooperators.ca
Cobbler's Rack,,cobblersrack@gmail.com
Cobbs,(250) 260-3733,info@cobbsadventurepark.com
CoCoMelon Learning,(587) 914-0425,admin@cocomelonlearning.com
Cody Watson - Centum Casa Noble,(250) 275-3255,info@nobelcasa.com
Coldstream Mechanical,(250) 558-9134,info@coldstreammech.com
Colibrico Consulting,(604) 760-2542,info@colibrico.co
Comfort Suites,(800) 424-6423,ccarlson@hotelequities.com
Community Appliance Parts & Service,(778) 475-3004,info@geniers.com
Community Foundation of North Okanagan,(250) 542-8677,info@cfno.org
Concentric Electric & Controls Ltd.,(250) 212-5557,info@concentriccontrols.ca
Concept Physiotherapy,(250) 260-1550,reception@conceptphysiotherapy.com
Corbilt Welding & Fabrication Ltd - AJ Equipment Installations Ltd,(250) 838-0848,info@corbilt.com
Courtview Dental,(250) 549-3070,reception@courtviewdental.ca
Courtyard Gallery,(778) 443-0529,info@courtyardgallery.ca
Courtyard Inn Vernon,(250) 549-1211,info@courtyardinnvernon.ca
Cozy Cabins Nature Resort,(250) 547-6201,info@cozycabins.ca
Craftsman Collision,(604) 904-8886,info@craftsmancollision.com
Crave Massage,(250) 545-3600,cravemassagevernon@gmail.com
Creative Chaos Society,(250) 545-6963,info@creativechaoscrafts.com
Creative Trophies & Gifts,(250) 860-1153,sales@creativetrophies.ca
Creekside Dynamic Health,(250) 545-7107,info@creeksidevernon.ca
Crepe Bistro,(778) 955-5075,info@crepebistro.ca
Cross Health,(250) 241-9671,crosshealthtcm@gmail.com
"Crystal Clear Water Ltd (Plumbing, Gas & Drain C leaning)",(778) 384-1047,admin@crystalclearwaterpl.ca
Crystal Flaman,(250) 215-2903,info@crystalflaman.com
Csek Creative,(250) 862-8010,info@csekcreative.com
"CUPE 626, Vernon Civic Employees Union",(250) 545-0446,president@cupelocal626.com
Cutting Edge Building Services Ltd,(250) 546-9414,info@cehockey.ca
Cypress Guest House,(250) 503-2300,info@cypressguesthouse.com
Damini Physiotherapy & Sports Injury,(250) 545-2335,info@daminiphysio.ca
Dan-Gare Drilling Ltd,(250) 546-3480,info@dangare.ca
Danley Carriage And Wheel,(250) 546-9979,info@caaonline.com
Dauncey Construction Ltd,(236) 600-0659,info@daunceyconstruction.ca
Dave Kennedy Construction,(250) 546-8256,info@rbkennedy.com
De Thomas Wealth Management,(236) 426-3111,info@dethomaswealth.com
Decorworld Paint & Window Covering,,info@benjaminmoore.com
Dee Lake Wilderness Resort,(778) 738-0345,info@deelakeresort.ca
DEEM Health + Fitness,(250) 541-0411,info@deemhealth.ca
Deep Creek Veterinary Services Ltd,(250) 833-8585,deepcreekvet@gmail.com
Del Rayo Haro Tax & Professional Services Corp,(604) 910-4900,info@delrayotax.ca
Designers Gallery 2025,(250) 542-5955,info@okdg.ca
Destination Silver Star,(250) 275-4942,info@destinationsilverstar.com
DFS Executive Resources Inc,(250) 549-1787,info@dfs-solutions.com
DHANRAJ COMPUTER HARDWARE & SOFTWARE SOLUTIONS INC,(236) 565-3155,support@dhanrajcomputer.com
Digg'n 4U Contracting Ltd,(250) 766-3519,info@diggn4u.ca
Dirt Nerd Earthworks,(236) 599-0616,info@dirtnerd.ca
District of Lake Country,7783831037%20,office@bclca.com
Diversity Dance,(250) 307-8982,diversityvernon@gmail.com
Divya Sutra Plaza and Conference Centre,(250) 542-3321,contact@thehotel.com
Do Some Good,(778) 760-1099,info@dosomegood.ca
Do The Okanagan,(250) 550-4466,info@tourismvernon.com
Dodds Auction,(250) 545-3259,doddsauctionvernon@gmail.com
Dosa Crepe Cafe,(778) 475-0151,dosacrepecafe@gmail.com
Dr Jody Snook,,support@vernonmsa.ca
Dr. Dwayne Ogasawara Corp,(250) 542-2361,support@opencare.com
Dr. Gordon Davidson,(250) 309-4252,editor@vernonmorningstar.com
Dr. Julian Sernik,(236) 600-0276,admin@doctorsernik.ca
Dr. Kevin Preston,(778) 475-3748,info@drkevinpreston.com
Dr. Mark Loland,(778) 475-0154,reception@lolanddental.ca
Dr. Splawinksi/Croft Inc,(250) 545-1339,info@dentistdirectorycanada.ca
Dr.'s Office,(250) 503-1021,info@clinicfinder.ca
DuMoulin Boskovich LLP Lawyers,(778) 943-2077,info@dubo.com
Dutch's Campground,(250) 545-1023,dutchs.coldstream@gmail.com
Eagle Industries,(416) 553-2270,info@eagleindustries.ca
Earth Elements,(250) 540-4119,earthelementsgiftshop@gmail.com
Eat Good Market Deli - Pineapple Express Bistro,(250) 307-7036,eatgoodmarket0@gmail.com
Echo Lake Resort,(250) 547-6434,info@echolakeresort.ca
ECOTECTURE,(250) 542-8085,hello@ecotecture.ca
Edge Photography,(250) 309-2444,contact@kelownaphoto.ca
Edward J Woolley Law Corp,(250) 542-9944,reception@woolleylaw.ca
Eimer Bros. Trucking,(250) 546-8625,info@reimerbros.com
Electrolysis by Nicole,,info@vernonelectrolysis.ca
Elements Adventure Company,(250) 308-8924,admin@elementsadventures.com
Elevate Day Spa & Hair Studio,(250) 517-8615,elevatedayspa@outlook.com
"Elke's Landscape Design, Coaching & Consulting",(250) 808-1896,elkeshomepage@gmail.com
Elks Lodge Lodge #45,(250) 549-1883,vernonelks45@gmail.com
Ellison Provincial Park,(250) 766-7972,camping@campokanagan.ca
Elodies Playhouse Cafe,(778) 943-3003,info@elodiesplayhousecafe.ca
Enco Construction Ltd,(250) 766-4278,info@encoconstruction.ca
Enderby & District Arts Council,(236) 586-6600,contact@enderbyartscouncil.org
Enderby & District Financial,(250) 838-6841,wvilleneuve@valleyfirst.com
Enderby & District Food Bank Society,(250) 309-2667,admin@enderbyfoodbank.ca
Enderby & District Recreation Services,(250) 838-2665,recreation@enderby.ca
Enderby & District Senior Citizens Complex Society,,enderbyseniorcomplex@outlook.com
Enderby Curling Club,(250) 838-6702,sandyeh8@gmail.com
Enderby Dental Centre,(250) 803-5046,enderbydentalcentre@gmail.com
Enderby Flowers & Gifts,(778) 443-5037,enderbyflowers@gmail.com
Enderby Jewellers,(250) 838-7123,info@enderbyjewellers.com
Enduro Financial & Advisory,,support@ainvest.com
Enns & Co,(604) 434-5800,info@enns.ca
Equal People HR,(250) 575-3949,hello@equalpeople.ca
"Eric Hutton, RMT",(250) 306-3742,erichuttonrmt@gmail.com
Erika Laramore - Mortgages (Dominion Lending),(250) 306-4519,info@dominionmortgagepros.ca
Everton Ridge Homes Ltd,(236) 426-0388,sales@evertonridge.ca
Evident New Media,,info@evidentnewmedia.com
Executive Maintenance,(250) 308-6280,service@autologiq.ca
Experior Financial Group Kimberley Greenizan,(403) 993-9961,kgreenizan@experiorfinancial.ca
Falconhurst Window Cleaning,(604) 308-5647,info@falconhurst.pro
Family First Optometry,(250) 541-9292,info@familyfirstoptometry.ca
Fearless Training Okanagan,(250) 308-6916,fearlesstrainingokanagan@gmail.com
FH&P LAWYERS LLP,(778) 940-3480,info@fhplawyers.com
First Baptist Church,(250) 546-9598,office@fbcarmstrong.org
Fleur Seasons Designs,,fleurseasonsdesigns@yahoo.com
Floramaxx Technologies,(778) 754-6299,info@floramaxx.ca
FOREFRONT Immigration Services Inc,(250) 550-4177,info@forefrontcanada.com
Forge Electric Ltd.,(604) 828-5932,info@forgeelectric.ca
Forge Valley Storage,(250) 545-2373,hello@forgevalleystorage.com
Foster Janitorial Services,(250) 307-8979,contact@fosterjanitorial.com
Frank's Autobody Repair - CSN,(250) 545-6906,info@csncollision.com
Freechild Farm,(250) 307-4581,freechildfarm@gmail.com
Freedom Counselling,(250) 550-5482,info@freedomcounselling.com
Freedom Flight Park,,freedomflightpark@gmail.com
Fresh Valley Farms,(250) 540-7500,events@freshvalleyfarms.ca
Frog Friendly Coffee (Enderbeans),(250) 838-0181,karla@frogfriendlycoffee.com
Funtastic Sports Society,(250) 558-7756,office@funtastic.org
Galaxie Powder Coating,(250) 547-6779,galaxiepowdercoating@gmail.com
Gallery Artiva,(250) 307-0675,galleryartiva@gmail.com
Gallery Vertigo,(250) 503-2297,galleryvertigonoaa@gmail.com
Gambell Farms,(250) 861-1515,info@tourismkelowna.com
Gambrinus Malting Corporation,(250) 546-8911,info@gambrinusmalting.com
Gardner Wayne Sundance Realty Group,(250) 558-9516,support@realtycalendar.ru
Gaudette Alan M,(236) 600-2879,info@gaudettefamilylaw.ca
GEM Quality Homes,(250) 308-6390,hello@gemqualityhomes.ca
Gennyleigh's Hairstyling & Esthetics,(250) 804-9733,genny.leigh_2016@yahoo.com
Gentleman's Shop and Shave Parlour,(236) 426-4575,gentlemensshaveparlour@gmail.com
Gilbert Parts Depot,(250) 546-3137,admin@gilbertparts.ca
Glamping,(250) 542-7868,admin@okeeferanch.ca
GOGO Sushi,(778) 480-1600,turtlebaygogosushi@gmail.com
Gord Oh's Food,(250) 575-7058,manager@southshuswapchamber.com
Gostlin Keefer Lake Lodge,(250) 547-6750,info@keeferlakelodge.com
Gravity Physiotherapy,(250) 540-4903,derek@gravityphysiotherapy.com
Greek House Restaurant,(250) 766-0367,greekhouse@telus.net
Green Guard Eco-Scapes,(250) 306-7735,info@greenguardeco-scapes.ca
Grey Fox Brewery,(250) 763-3212,sales@kelownacapnews.com
Guided Heart Home Care,(250) 309-0730,info@guidedhearthomecare.ca
H A O Goodair Heating & Air Conditioning,(250) 545-6662,info@haogoodair.ca
H.M. Krause Jewellers,(250) 542-1911,info@krausejewellers.ca
Habitat for Humanity Okanagan,(778) 755-4346,admin@hfhokanagan.ca
Hairitage House Salon,,hhsalon701@gmail.com
Hands On Health Chiropractic,(250) 503-2906,info@handsonhealthvernon.ca
Happi Dani (Tea Sommelier),(604) 355-6186,hello@happidani.com
Harmony Holistic Health,(778) 846-4049,ruthszerepirmt@gmail.com
Harrison Andrea,,support@beenverified.com
Hawthorne Storage,(250) 546-4015,mail@hawthornestorage.ca
Healing Garden Spa & Wellness,(778) 475-8686,info@healinggardenvernon.ca
Health and Medical Services,(250) 547-9741,lumbyhealthcentre@shaw.ca
HearingLife,(250) 542-3564,info@hearinglife.ca
Heartwood Homes Ltd,(250) 542-0098,info@heartwoodvernon.com
Heaton Place Retirement Community,(250) 546-3353,info@heatonplace.com
Henry Czerwonka - Chartered Professional Accountant,(250) 309-5710,info@showmelocal.com
Hewberry Alarms Ltd,(778) 475-4320,hewberryoffice@gmail.com
Hill Environmental Ltd,(250) 546-4069,info@hillenvironmental.ca
Hillview Golf Course,(250) 549-4653,info@hillviewgolf.ca
Hogarths Clinic Pharmacy,(250) 545-3660,info@hogarths.ca
Holiday Park RV & Condo Resort,(250) 215-5239,reservations@holidaypark.ca
Holmes Electric Ltd,(250) 861-5557,diane@holmeselectric.ca
Hometown Cleaning Services,(250) 503-7102,hometownhousecleaners@gmail.com
Horizon Auto Detailing,(780) 236-4359,info@horizonautodetailing.ca
Horse Drawn Okanagan,(250) 540-7344,info@pilotfarmandforge.com
Hugo's Moving,(778) 475-1763,info@hugosmoving.com
Hunger Payne's Food Truck,(403) 968-7087,hungerpaynes@icloud.com
Hunter Exteriors,(250) 306-6638,hunterexteriorsvernon@gmail.com
Huska Holdings,(250) 762-4028,admin@huskaholdings.ca
I Can See Clearly Now Window Cleaning,(250) 838-0713,icanseeclearlynowgc@gmail.com
I Q Film & Vinyl Specialists Ltd,(250) 260-0908,frontdesk@iqfilm.ca
IA Private Wealth,(778) 475-0088,reception@mindsetwealth.com
Ice Cream,,sugarbeesicecreamco@gmail.com
Idlewild Massage Therapy,(250) 308-2487,info@idlewildhealth.ca
IG Wealth Management,,info@nv-wm.com
Image Electric Ltd,(250) 275-8725,info@imageelectric.ca
Impact Sport & Health Clinic,(250) 309-4184,impactsportclinic@gmail.com
Imperical Counselling & Coaching,(778) 400-4984,margob52@telus.net
Independent Living Vernon,,info@ilvernon.ca
Inspire Consignment Boutique,(604) 790-2798,inspireboutiquevernon@gmail.com
Integrity Mortgage Inc,(250) 546-6140,team@integritymortgage.ca
Interior Freight & Bottle Depot,(250) 545-5706,info@interiorrecycling.com
Interior Heavy Equipment School,(866) 399-3853,info@iheschool.com
"Interior Transmission ""Plus"" Auto Repair",(250) 545-9579,info@interiortransmission.com
Iron Creek Industries,(250) 546-3081,office@ironcreekindustries.ca
J-Ball Electronics Inc.,(778) 475-5528,info@jballelectronics.com
J-DON Japanese Donburi,,info@jdoncafe.com
Jade Asian Kitchen,(236) 996-8828,info@jadeasiankitchen.com
"Jade Bay , Design. Construct.",(250) 548-3262,office@jadebayconstructors.ca
James Weir Immigration,(250) 938-4480,jweirimmigration@gmail.com
JBenedict Cleaning Services,(250) 409-9299,info@jbenedictcleaningservices.ca
Jbez Welding,(778) 930-1272,jbezwelding@gmail.com
JC Bradley Jewellers,(236) 426-4944,info@jcbradleyjewellers.com
JCI-Junior Chamber International Vernon,(250) 549-7199,commuincations.jcivernon@gmail.com
Jealous Fruits,(250) 766-0738,info@jealousfruits.com
Jealous Pizza N Donair,(778) 442-0022,jealouspizzaarmstrong@gmail.com
Jessica Nicole Studio,(250) 542-0888,support@jessicanicolestudio.com
Jim's Place Pizza,(250) 549-3700,jimsplacepizza@gmail.com
Jj's Pizza Plus Ltd,(250) 546-3333,info@jjspizzaplus.com
Johnston Meier Insurance Agencies Group,(250) 838-7333,lynne.holmes@jmins.com
Jonnie & Lily's Diner,(778) 442-3373,info@jonnieandlilysdiner.com
Joy Hair Salon,(778) 932-2223,contact@joysalon.ca
JTL Contracting,(250) 503-8091,jtlcont@gmail.com
Juan M O'Quinn,,internationalaccounts@cbu.ca
Just For You Spa & Salon,(250) 549-2488,info@justforyouspaandsalon.ca
K&K Builders,(403) 369-7056,sales@pioneerloghomesofbc.com
Kalagan Outdoor Design,(250) 306-9449,info@kalaganoutdoordesign.com
Kalamalka Eagle Feather Security Corp,(778) 215-7266,admin@kalamalkaefsecurity.com
Kalamalka Eye Care,(778) 475-2015,reception@kalamalkaeyecare.ca
Kalamalka Indigenous Garden,,info@kalamalkagarden.ca
Kalamalka Physiotherapy Centre,(250) 503-2112,kalamalkaphysiotherapy@gmail.com
Kalamalka Starfish Society,(250) 558-8366,admin@chilliwackbowlsofhope.com
Kapiti Built Ltd,(250) 869-7212,info@kapitibuilt.ca
Kcw Construction,(778) 212-2240,info@kcwconstruction.ca
Keith Dahlen Construction Ltd,(250) 545-1300,info@keithconstruction.ca
Kekuli Bay Cabinetry,(250) 558-5112,sales@kekulibaycabinetry.com
Kelli Hanson,(250) 351-6487,kellihansoncounselling@gmail.com
Kelowna-Lake Country Conservatives,(250) 877-5600,sales@interior-news.com
Kentucky Fried Chicken 1874,(250) 545-0741,sales@hospitalityonline.com
Kerkhoff Real Estate Development Ltd,(604) 824-4122,info@kerkhoff.ca
Keylight Photography,(250) 306-2517,info@keylightphotography.ca
Keystone Property Management Ltd,(250) 550-4543,office@keystone.pm
Kidston Helm Ross Lawyers,(250) 545-0711,info@kidston.ca
Kiki Gardens,(250) 545-2757,info@kikigardens.com
Kindale Developmental Association,(250) 546-3005,kindale@kindale.net
KingFisher Boats,(250) 545-9171,admin@kingfisherboats.com
Kits & Kats Sitting Service,(250) 545-9668,kitsandkatssittingservice@gmail.com
Kiwi Auto,(250) 542-1425,kiwiautovernon@gmail.com
Krafty Bikes,(877) 491-2554,info@kraftybikes.com
Krispy Cravings,(778) 943-1053,info@krispycravings.com
Kt Fairglass Ltd,(778) 760-8382,info@ktfairglass.com
Kula Rigging and Crane,(250) 308-9424,ben@krcrane.ca
L'Isola Bella Bistro,(250) 766-7625,info@lisolabella.ca
La Carraia Gelato,(250) 550-1908,lacarraia.bc@gmail.com
LabelPak Printing Inc,(604) 943-1588,sales@labelpakprinting.com
Lake City Law Corporation,(250) 800-1077,admin@lakecitylaw.ca
Lake Country ArtWalk,(250) 766-4406,info@lakecountryartwalk.ca
Lake Country Auto,123-456-7890,contact@mysite.com
Lake Country Brewing,(604) 273-9379,info@bbco.ca
Lake Country Builder Mart Ltd,(250) 766-2118,steve.donaldson@timbermart.ca
Lake Country Jewellers,(778) 480-0088,lakecountryjewellers@gmail.com
Lake Country Kids,(250) 766-4502,info@lakecountryschoolofdance.com
Lake Country Landscaping,(250) 317-5773,lakecountrylandscaping456@gmail.com
Lake Country Pest Control,(250) 215-5243,info@gopropestcontrol.com
Lake Country Self Storage,(250) 766-2430,info@lakecountrystorage.ca
Lake Country Senior Housing Society,(888) 688-2161,info@volunteerconnector.org
Lake Country Truss Ltd,(250) 558-1423,info@lakecountrytruss.ca
Lake Life Pontoon Cruises,(778) 977-2628,info@lakelifepontooncruises.ca
Lake Okanagan Resort,(250) 769-3511,info@lakeokanagan.com
Lakeland Excavating,(250) 801-4847,kyle@lakeviewequip.com
Lakers Clubhouse DGC,,info@mypacer.com
Lakeside Hearing,(236) 420-0294,info@lakesidehearing.com
Lakeside Landscaping Prop,(250) 862-6109,info@lakesidelandscaping.ca
Lakeview Glass,(250) 300-8014,sales@lakeviewglassbc.com
Landing Nursery Ltd,,office@landingnurseryltd.ca
LaserArt Engraving,(250) 859-8624,laserartengraving1@gmail.com
LC Legend Capital Inc,(250) 241-3636,info@lclegendcapital.ca
LDR Construction,(250) 307-8562,info@ldrconstruction.com
Lensmakers Optical,(250) 545-3225,lensmakersvernon@gmail.com
Lesia Design & Digital Inc,(306) 371-6637,info@lesiadesign.com
Let Us Garden Sales & Services,(250) 540-6591,info@greenlii.com
Let's Talk Communication,(778) 836-8173,info@letstalkcommunication.ca
Lihilihi Lashes,(236) 426-4600,info@lihilihilashes.ca
LINQ Flooring,(250) 281-1116,sales@linqflooring.com
Literacy Society of the North Okanagan,(250) 275-3117,admin@literacysociety.ca
Little Blue House Registered Massage Therapy,(778) 212-5980,littlebluehousermt@gmail.com
Little Miracles Preschool,(250) 503-2220,hello@divi.edu
Little Moments Learning Centre,(250) 307-9003,info@little-moments.ca
Little Seedlings Daycare,(250) 546-3600,littleseedlings21@gmail.com
LNH Equipment LTD,(250) 206-0217,lnhequipmentltd@gmail.com
Loewen Drywall LTD,(250) 308-9233,info@loewendrywall.com
Lotus And Lace Esthetics,(250) 801-1133,sales@wellnessliving.com
Lotus Counselling,(250) 550-4505,hello@visibook.com
Lumby & District Museum,(250) 547-9524,lumbymuseum@gmail.com
Lumby Curling Club,,info@lumbycurlingclub.ca
Mabel Lake Farms,(250) 838-6248,mabellakefarms@gmail.com
Mabel Lake Golf & Airpark,(250) 308-8277,blairlaursen@mabellakegolf.com
Mackie Lake House Foundation,(250) 545-1019,info@mackiehouse.ca
Madison's Pet Grooming,(250) 307-6329,madisongroom@live.ca
Mainland Sleep Clinic,,info@mainlandsleep.ca
Makasoff Construction,(250) 308-9900,mgmcon@telus.net
Mara Cottage Campground,(250) 307-8002,maracottagecampground@gmail.com
Maria Rose Bed & Breakfast,(250) 549-4773,mariarosebb@gmail.com
Mark Nich Real Estate,(250) 309-1810,info@marknich.com
Masiero Pizzeria Napoletana,(778) 943-2019,info@masiero.ca
Massage Therapy Lake Country,(250) 766-2542,rmtlakecountry@gmail.com
Matchett Construction,(250) 938-9831,bjmatchett@gmail.com
Maven Lane,(250) 558-9963,ed@mavenlane.org
MC Creations,(250) 503-7866,info@mccreations.ca
McCaw's Drilling & Blasting Ltd,(403) 845-3101,info@mccawsdrilling.com
Mel's Pizza,(250) 838-6710,melsmainstreet@gmail.com
Melvin Orr Construction,(250) 546-6972,info@vernonconstruction.ca
Meridian Rehabilitation Consulting Inc,(250) 542-3089,info@meridianrehab.ca
Michelle Cornish,(778) 442-2515,support@clarity.fm
Midtown Bistro,(250) 308-7477,hmidtownbistro@gmail.com
Mighty Mouse Daycare Inc,(250) 503-0851,mightymousedaycare@gmail.com
Mike Amies,(250) 241-5675,mike.amies@gmail.com
Mirror Image Building Maintenance,(250) 979-8369,contact@resizepixel.com
MJK Plumbing & Heating,(250) 306-8376,mjkplumbheat@gmail.com
Mobilawn Landscape & Lawn Care,(250) 307-1861,info@mobilawn.com
Modulux Design Ltd,(250) 766-3053,info@moduluxdesign.com
Mona Vision Inc,(250) 766-0555,mona.vision@gmail.com
Monashee Aquifer Testing & Well Pumps,(250) 572-6709,office@monasheeaquifertesting.ca
Monashee Arts Council,(778) 473-3029,monasheeartscouncil@gmail.com
Monashee Community,(778) 473-2230,monasheecommunitycoop@gmail.com
Monashee Fitness Inc,(250) 547-2014,reception@monasheefitness.com
Monashee Health Collective,(250) 540-5818,hello@monasheehealthco.com
Monashee Mews,(778) 473-0100,info@agecare.ca
Monashee Optometry,(250) 550-1124,reception@monasheeoptometry.ca
Monashee Powder Snowcats Inc,(250) 545-0661,info@monasheepowder.com
Money Concepts,(250) 542-7181,sales@incrypted.com
Motionwave Group Ltd,(778) 990-6300,colin@motionwavegroup.com
Mountain Home Services,(844) 543-5261,info@mountainhomeservices.ca
Moxy HR Inc,(250) 804-6655,info@moxyhr.ca
MQN Architects,(250) 542-1199,info@mqn.ca
Mr Mikes,(236) 426-4436,vernon@mrmikes.ca
Museum and Archives of Vernon,(250) 542-3142,gwyn.evans@vernonmuseum.ca
My Big Fat Greek Food Truck,,info@mybigfatgreekfoodtruck.com
My Chef,,info@mychefmealprep.ca
My Harmony Wellness,(778) 506-2412,info@myharmony.ca
Nagy Cylinder Rebuilding,(250) 547-9395,admin@nagycylinder.com
Nanimahoo Native Art Gallery,(250) 804-5365,audreynanimahoo@gmail.com
New Golden Crown Restaurant,,info@guidetodiningout.ca
New Horizon Productions,(250) 762-6775,info@nhpav.com
Nexus/WorkBC,(250) 838-2324,sarah@nexusbc.ca
Nick Renton - William Wright Commercial,(778) 584-5308,office@realeswp.com
Nixon Earthworks,,admin@nixonearthworks.com
Noah's Pro Painting,(778) 821-2559,noahspropaint@gmail.com
Noble Yoga Studio,(778) 475-5556,hello@nobleyoga.studio
Nokomis Landscaping Ltd,(250) 938-5225,nokomis.landscaping@gmail.com
North Okanagan Community Life Society,(250) 545-5153,admin@nocls.com
North Okanagan Junior Academy,(250) 546-8330,office@noja.ca
North Okanagan Orthodontic Clinic,(250) 542-4118,info@northokanaganortho.com
North Okanagan Skin & Laser,(250) 542-2721,info@nosl.ca
North Okanagan Smile Design Dental Centre,(250) 838-2417,info@northokanagansmiledesign.ca
North Okgn Construction Ltd.,(250) 550-9412,office@nokgnconstruction.ca
North Valley Contracting Ltd,(250) 540-3001,info@northvalleycontracting.com
Norval Arena,,admin@wanderlog.com
Novalux Designs,(778) 938-7734,info@novaluxdesigns.ca
Nurturing Nature Organics Inc,(250) 766-1123,info@nurturingnature.ca
Nuvel Skin and Laser,(250) 503-1960,info@nuvelmd.ca
O'Rourke's Peak Cellars,,info@peakcellars.com
OK Supreme Roofing & Painting,(778) 946-0672,info@oksupreme.ca
Okanagan Affordable Rentals Inc,(250) 558-8156,okanaganaffordablerentals@gmail.com
Okanagan Assured Bookkeeping,(250) 547-2139,m_c@okassured.ca
Okanagan Bake House,(236) 426-2422,info@okbakehouse.com
Okanagan Christadelphians,,okanaganchristadelphians@gmail.com
Okanagan Exteriors Inc,(250) 826-1595,okanaganext@gmail.com
Okanagan Flower Spot Ltd,(250) 549-0896,info@theflowerspot.ca
Okanagan Geothermal Ltd,(250) 838-0809,info@okanagangeothermal.net
Okanagan Glamping Co,(250) 241-2552,okanaganglamping@gmail.com
Okanagan Insulation Services,(250) 491-5818,info@okinsulation.ca
Okanagan Landscape Developments,(250) 938-1609,info@peacocklandscaping.ca
Okanagan Learning Foundation,(250) 550-7474,stephanie@oklearns.com
Okanagan Printing,(250) 546-3121,info@okanaganprinting.com
Okanagan Recreation Rentals,(250) 549-3613,info@okanaganrecrentals.com
"Okanagan Regional Library, Enderby Branch",(250) 838-6488,enderby@orl.bc.ca
Okanagan Respite and Senior Services,(250) 938-0745,info@okanaganseniorservices.com
Okanagan Sage Wellness Group Therapy,(778) 475-0252,oksagewellness@gmail.com
Okanagan Shade & Shutter Ltd,(250) 540-9656,info@okss.ca
Okanagan Skydive,(250) 542-4487,info@okanaganskydive.com
Okanagan Spring Brewery,(250) 542-2337,info@okspring.com
Okanagan Tax & Business Services,(250) 545-5512,info@oktax.ca
Okanagan Valley College of Massage Therapy,(250) 558-3718,info@ovcmt.com
Okanagan Valley Painting Services Ltd,(250) 832-5995,ovps@xplornet.ca
OKGN Property and RV Maintenance,,okgnproservices@outlook.com
OKIB Group of Companies,(250) 545-4328,info@okibgc.ca
OKV Electrical Ltd,(250) 540-6894,admin@okvelectric.ca
Olameter Inc,(250) 503-5469,recruiting@olameter.com
Olive Us Oil & Vinegar Tasting Room,(250) 260-2880,info@oliveusoils.com
On Point Construction And Forming Ltd.,(250) 307-7903,info@opcf.ca
One Step Foot Care Inc,(250) 938-3668,info@onestepfootcare.com
"Oscar Barnes, Barrister & Solicitor",(250) 766-0660,reception@obarneslaw.com
Osprey Solutions,(778) 910-0756,service@osprey.solutions
Outbackjacks Horse Rescue Thrift Store,(250) 438-0062,support@adoptdont.shop
Owl Painting Company,(778) 994-2169,owlpaintingco@gmail.com
O’Connell Enterprises,(250) 253-4823,joanne@oconnellenterprises.ca
Painted Ladies Vernon,(250) 309-7922,paintedladiesvernon@gmail.com
Paradise Lodge,,econolodge.vernon@gmail.com
Paraglide Canada,(250) 899-3683,info@paraglidecanada.com
Paramount Glass Solutions,(250) 838-7983,info@paramountglasssolutions.ca
Parhelia Massage Therapy Corporation,(250) 814-7690,info@parheliamassage.com
Pawsome Walks Brigade Dog Walking,(250) 540-7577,pawsomewalksbrigade@gmail.com
Peace Mediation Services,(778) 888-4119,julieannebond@hotmail.com
Peak Cellars & Garden Bistro,(250) 766-9922,events@peakcellars.com
Peak Law Group LLP,(604) 210-8066,info@peaklaw.ca
Pelvià Physiotherapy,(778) 475-4886,pelviaphysiotherapy@gmail.com
Perfect Line Painting,(778) 212-5190,lacassepainting@gmail.com
Petawatts Auto Marine RV LTD,(778) 692-3024,info@petawatts.ca
PHOENIX Stretch Ceilings,(250) 212-9921,info@v6b.com
Phreeagent Creative,(250) 307-3713,info@phreeagent.com
Pickleball Depot Ltd,(250) 550-5280,sales@pickleballdepot.ca
Piers Partners and Resources,(236) 426-3838,info@pierspartners.ca
Pilgrims Produce,(250) 546-3669,pilgrimscsa@gmail.com
Pivot RX,(250) 503-2350,info@pivotrx.ca
Pizza Pizza,(236) 426-2027,feedback@pizzapizza.ca
Pleasant Valley Painters INC,(250) 550-8318,bookings@pvpainters.ca
Polson Park Motel,(250) 549-2231,polsonparkmotel@gmail.com
Powerhouse Theatre,(250) 549-7469,info@powerhousetheatre.net
Prairie Crane Inc,(250) 253-6669,sales@prairiecrane.com
Premier Pool and Spa,(778) 475-5646,info@premiumpoolandspa.ca
Premier Rollshutter Manufacturing Inc,(877) 289-3989,info@prmi.ca
Pretium Group,(250) 308-9562,info@pretiumcapitalgroup.ca
Prima Contracting Inc,(604) 557-6400,info@primaeng.com
Printer World International Inc,(250) 542-4000,info@printerworld.com
Progression Muscle Bone and Joint,,reception@progressionmbj.ca
Project Plus Strategies Inc,(867) 689-2227,jody@projectplusstrategies.com
Prospera Credit Union,(250) 550-7500,info@prospera.ca
Prt Coldstream,(250) 545-0638,info@prt.com
Quality Roofing,,nailedit@energyeconomics.ca
Rad Energy Electric Ltd,(250) 306-4868,info@radenergyelectric.com
Rain Wellness,(778) 475-7246,info@rainwellness.com
Raising Stars Preschool Ltd,(250) 938-7264,info@raisingstarspreschool.ca
Rancho Vignola,(250) 546-3343,info@ranchovignola.com
Raven Hair Studio,(250) 542-4219,ravenhairstudiovernon@gmail.com
RE/MAX Priscilla,(800) 317-1118,info@okanaganhomes.com
Red Apple,(250) 546-2928,info@redapplestores.com
Red Road Recovery Ltd,(289) 221-1084,contact@redroadrecovery.com
Reico Construction,(250) 540-2533,info@reicoconstruction.com
Relate Janitorial Services Inc,(250) 540-4851,booking@relatejanitorial.com
Restoration Lands Inc,(800) 208-3439,info@restorationlands.com
Revolution RV,(250) 838-7861,revolutiontrailerservices@gmail.com
Rhythm Productions,(250) 938-2978,info@rhythmproductions.ca
RISE Gymnastics Academy,(250) 241-7473,info@risegymacademy.com
Riverfront Pub,(250) 503-6361,riverfrontpub@hotmail.com
Rivers Breeze Cottage Retreat,(250) 803-1800,riversbreezeretreat@outlook.com
Riverside RV Park & Campground,(250) 838-0155,info@enderbycamping.com
Robot House Automation,(250) 545-4786,info@robothouse.net
Rockwell Audiology Inc,(250) 545-2226,info@cshhpbc.org
Rocky Mountain Concrete,(250) 547-6644,sales@rockymountainconcrete.ca
Rogers Foods,(250) 546-8744,sales@rogersfoods.com
Rogers John Lepage,(250) 503-3996,davidsteenkamp@royallepage.ca
Roko Service Ltd.,(250) 542-5344,support@rokoservice.com
Rooksby Residential,,rooksbycontracting@gmail.com
Room Collection (The),(250) 260-6161,info@theroomcollection.ca
Roots & Rascals Children's Boutique,(250) 463-3464,rrboutique11@outlook.com
Rose City Wellness,(778) 475-7888,info@rosewellness-vernon.com
Rotech Motor Ltd,(250) 260-6299,sales@rotechmotor.ca
Rowe Kelly,(250) 260-0329,krowe@lendingmax.ca
Royal Canadian Legion,,rcl167bc@shaw.ca
Royal Canadian Legion Branch #35,(250) 546-8455,legion35meatdraw@gmail.com
Royal Candian Legion,(250) 547-2338,info@legionbcyukon.ca
Royal Garden,(250) 545-7866,royalgardenvernon@gmail.com
Royalty Painting,(250) 307-5803,royaltypainters@gmail.com
RSB Custom Cruisers,(250) 308-8578,support@topcompanies.ca
S & P Financial Services Inc,(250) 546-0244,info@vernonchamber.ca
S P Seymour Ltd,(844) 279-8561,spseymour1893@gmail.com
Saffron Touch Indian Cuisine,(250) 545-6558,info@saffrontouch.ca
Sage Environmental Consulting Inc,(250) 307-7365,admin@sageenvironmental.ca
Sandman Hotel & Suites,,info@sandman.ca
Sarah Smith Media,(604) 902-2935,info@sarahsmithmedia.ca
SASCU (Salmon Arm),(250) 832-8011,andrewvandokkumburg@sascu.com
SASCU (Shuswap Insurance),(250) 838-7707,info@sascu.com
Satoca Bike,(778) 943-1487,info@satocabike.com
Saucies 27 Pizza,(236) 426-0995,orders@saucies27.com
Saunders Painting & Decorating,(250) 766-9379,j.saundersdecorating@gmail.com
Scenic Valley Stoneworks,(250) 542-1075,sales@svstoneworks.com
Scentodore,(236) 550-7456,info@scentodore.com
Sea Stars Kids Boutique,(778) 442-1717,seastarskidsboutique@gmail.com
Select Roofing,(250) 308-8666,sales@selectroofers.ca
Self Care Is Sacred Integrated Health,(236) 426-1188,selfcareissacred@gmail.com
Sentinel Storage,(250) 542-9912,reservations@sentinel.ca
Setanta Landscapes Ltd,(778) 223-6845,setantalandscapes@gmail.com
Sharina Zantingh Physiotherapy,(250) 307-6670,sharinaphysiotherapy@gmail.com
Shepherd's Outdoor Living Centre,(250) 546-3002,info@shepherdshardware.ca
Shikaze Chiropractic,(250) 542-7878,shikazechiropractic@gmail.com
Showcase,(250) 545-1151,support@shopatshowcase.com
Silver Sage Stables,,support@placedigger.com
Silver Springs Seniors Community,(250) 545-3351,generalmanager@silverspringsvernon.ca
Silver Star Line Marking,(236) 599-8048,info@silverstarlinemarking.ca
Silver Star Motel,(250) 545-0501,bookings@silverstarmotel.com
Silverhill Nursery,(250) 513-0833,info@silverhillnursery.ca
Silverrock Land Corp,(250) 558-0999,admin@silverrockcorp.com
Skeena Specialty Grocers,,info@skeenaspecialtygrocers.ca
SKG Cleaning Solutions,(250) 540-0769,info@skg.net.au
Skyride,(250) 260-6777,info@skyride.ca
Small Scale Meat Producers Association,,info@smallscalemeat.ca
Snap Fitness Vernon,(778) 475-5668,inquiries@snapfitness.com
Snowcap Interior Food Services,(250) 546-8781,inquiries@snowcapinterior.com
Societe De Developement Economique De La Colombie-Britannique,(604) 732-3534,info@sdecb.com
Solar Roofing,(250) 558-9366,info@solarroofingbc.com
Solutions Pest Control,(250) 945-9877,office@pestsolutions.ca
Southward Medical Supplies,(250) 542-3334,info@southwardmedicalsupplies.ca
Sovereign Lake Nordic Club,(250) 558-3036,admin@sovereignlake.com
Sparks on 6,(250) 547-6122,sparksonsix@gmail.com
Spartan Drycleaning / ATAR Services Inc,(250) 766-2374,info@atarservices.com
Sperlich Log Construction Inc,(250) 838-7455,canadianpridelt@gmail.com
Spidex All Terrain Excavating,(250) 862-1651,contact@spidex.ca
Spirit Lodge at Silver Star,(250) 545-1717,admin@spiritlodgesilverstar.com
Splash N Dash Car Wash,(250) 938-1378,info@splashndasharmstrong.com
Splashdown Vernon,(250) 549-4121,info@splashdown.ca
Splatsin Development Corp/Quilakwa Investments Ltd,,grahame.go@splatsindc.com
Splatsin Development Corporation,(250) 838-0775,info@splatsindc.com
Splatsin Teaching Center,,tsm7aksaltnsociety@gmail.com
Sproing Solutions,,hello@sproing.ca
SS Automotive Refinishing,(778) 475-6167,sales@binks.com
St. Josephs Catholic Church,(250) 546-8215,info@rcdk.org
Stag's Head Liquor Store,(778) 442-4564,giantsheadbrewing.sales@gmail.com
Standeven Logistics,(250) 307-2188,info@standevenlogistics.com
Steelback Trailers Mfg Ltd,(250) 826-1488,steelbacktrailers@gmail.com
Sterling Appraisals,(250) 309-8111,info@sterlingappraisals.ca
Stone Waters Travel,(236) 970-5668,info@stonewaterstravel.com
Stonehaus Realty,(250) 938-0132,reception@stonehausrealty.ca
Studio 309,(250) 938-5063,info@studiothreezeronine.com
Sun City Physiotherapy,(250) 766-2544,reception_gm@suncityphysiotherapy.com
Sundance Martial Arts Ltd,(250) 306-2285,info@sundancemartialarts.com
Sunfire Systems,(250) 550-0133,info@sunfiresystems.ca
Sunridge Veterinary Clinic,(250) 545-8011,info@sunridgevet.ca
Sunshine Autographics & Signs Inc,(250) 549-3200,info@sunshinegraphics.ca
Sunward Solar,(604) 614-7130,info@sunwardsolar.ca
Super Save,(250) 545-4505,sales@supersave.ca
Sutherland's,(250) 838-7234,gregmccune@telus.net
Svice Online Marketing,(250) 896-2092,info@svice.ca
Swanson Mountain Fitness,(250) 306-6568,swansonmountainfitness@gmail.com
Sweet Iron Café Ltd,,contact@foodeist.com
Sweets Bridge Farm,(250) 379-2450,sweetsbridgefarm@gmail.com
Synergist Media,(778) 475-6000,sales@synergistmedia.com
SysGen Solutions Group,(403) 608-6250,info@sysgen.ca
T-Bones Fresh Meal Market,(250) 763-5966,tbones3kelly@gmail.com
"Taves, Dr. Ken  Inc",(250) 550-1120,reception@tavesdental.ca
TBC (Turtle Bay Crossing) Liquour Merchants,(778) 480-6646,tbc@liquormerchantsgroup.com
Telus Custom Security Systems,(250) 545-4100,info@alarm.com
TGC Consulting Ltd,(250) 766-4110,admin@tgcconsulting.com
The Boarding House Café,(250) 545-0117,theboardinghousecafe@gmail.com
The Boutique,(250) 540-2649,nfo@polishedmercantile.com
The Bridge Educational Society,(250) 547-9212,info@bridgeeducational.org
The Clove,,theclovearmstrong@gmail.com
The Collar Club Pet Daycare,(250) 241-5833,collarclubvernon@gmail.com
The Fancy Induced Burger & The Go Grill,(877) 596-0804,info@tfib.ca
The Frayed Page,(250) 540-5073,info@thefrayedpage.ca
The Good Food Box Society of the North Okanagan,,orders@goodfoodbox.ca
The Greenway Roofing Company,(250) 309-0874,mooreroofingwithsteve@gmail.com
The Interface Financial Group,(250) 550-3964,info@interfacefinancial.com
The Landing At Wood Lake,(250) 826-3623,info@rightsizingmedia.com
The Lighthouse Medical Clinic,(250) 545-2552,contact@example.com
The Med Restaurant,(250) 558-4646,info@themedvernon.com
The Nest,(604) 250-8541,info@thehealthnest.ca
The Phoenix Steakhouse,(250) 260-1189,thephoenixsteakhouse@gmail.com
The Roster Sports Club Bar & Grill,(250) 549-0444,info@rostersvernon.com
The Royal Canadian Legion Branch 25,(250) 558-8318,contact@vernonlegion.com
"The Rusty Spur Farm, Feed & Pet",(250) 547-9506,sales@rustyspur.ca
The Salty Caramel Kitchen,(250) 766-2712,saltycaramelkitchen@gmail.com
The Sign Post Guy,(250) 808-0730,signpostguy@gmail.com
The Small Axe,(778) 443-2010,smallaxeroadhouse@gmail.com
The Starting Block,(250) 541-9232,info@startingblock.ca
The Village of Lumby,(250) 547-2171,info@lumby.ca
Three Lakes Medical Clinic,(250) 542-1353,admin@threelakesmedical.com
Tidal Elements Healing Arts Studio,(250) 306-9283,reception.tidalelements@gmail.com
Tiki Village Inn,(250) 503-5566,info@tikivillagevernon.com
Tirecraft Armstrong,(250) 546-9491,djohnson@grtouchette.com
To The Hedge Landscape Services,(778) 835-8929,info@tothehedge.ca
Tom Harris Cellular Ltd,(250) 545-8848,contact@shopping-canada.com
Tommy's Windows & Doors,(778) 475-3772,sales@newtownwindows.ca
Tony's Craft Cider Company,(778) 790-0833,tonyscraftcidery@gmail.com
Tony's Tire Service (Kal Tire),(250) 838-7226,taiya_smith@kaltire.com
Torchcraft Roofing,(778) 475-5606,torchcraftroofing@gmail.com
Trinity Valley Long Range,(250) 547-9402,trinitylongrange@gmail.com
True Fit Welding & Fabricating,(250) 546-3159,info@royalwelding.com
TruFinity Plumbing Heating & Cooling,(778) 721-8375,service@trufinity.ca
Turner Exteriors,(250) 309-7632,sales@streamlineexteriors.ca
Turtle Bay Marina Boat Rentals,(250) 766-3120,reservations@turtlebaymarina.com
Turtle Bay Physiotherapy Inc,(250) 766-0360,info@turtlebayphysio.ca
Turtle Bay Pub,(250) 766-4534,info@turtlebaypub.com
Tutor Tech Computers,(250) 547-0042,info@tutortech.ca
Twin Creeks Motel,(250) 547-9221,twincreeks.reservations@gmail.com
Two Donkeys Bakery,(236) 509-7025,info@twodonkeysbakery.ca
UBC Okanagan,(250) 545-3390,derek.gratz@ubc.ca
UBR Services Printing & Copies,(250) 766-1098,info@ubrservices.ca
Uprooted Kitchen & Catering Co,(778) 214-3289,info@uprootedkitchen.ca
Ursus Heritage Consulting Ltd,(250) 938-4662,fraser@ursus-heritage.ca
Valley Canine,(250) 540-0094,valleycanine@hotmail.com
Valley First,(250) 541-5601,info@kelownahomes.ca
Vance Creek Hotel & Conference Centre,(250) 549-5191,info@skisilverstar.com
Vanna King - Sunlite Mortgage,(250) 574-9969,vanna.king@sunlitemortgage.ca
VantageOne Credit Union Commercial Centre,(250) 545-9251,info@vantageone.net
"Vernon Air Conditioning, Plumbing & Electrical Services",(778) 403-7886,info@vernonairconditioning.com
Vernon Beauty Bar Ltd,(236) 426-3666,thebeautybarvernon@gmail.com
Vernon Catering and Hospitality,(250) 306-2181,info@vernoncatering.ca
Vernon Christian School,(250) 545-7375,info@vcs.ca
Vernon Dental Centre,(250) 542-1179,reception@vernondentalcentre.com
Vernon Dental Excellence,,vernondentalexcellence@gmail.com
Vernon Denture Clinic,(250) 542-9117,admin@vernondentureclinic.com
Vernon Family Dental,(250) 542-3023,info@vernonfamilydental.ca
Vernon Farmers' Market,(250) 351-5188,vfm.vernonfarmersmarket@gmail.com
Vernon Flower Shop,(250) 545-2181,vernonflowers.bc@gmail.com
Vernon Hyundai,(855) 887-6873,reception@vernonhyundai.com
Vernon Jubilee Hospital Foundation,(250) 558-1362,info@vjhfoundation.org
Vernon Neighbourhood Welcome,(250) 309-4487,accounting@neighbourhoodwelcome.org
Vernon Optometry,(250) 542-4217,reception@vernonoptometry.ca
Vernon Pickleball Association,(250) 549-0378,vernonpickleball@gmail.com
Vernon Spider Control,(250) 938-2991,vernonspidercontrol@gmail.com
Vernon Towing,(250) 545-2311,admin@vernontowing.ca
Vernon Voltage and Gas Fitting Ltd,(250) 351-9879,info@vernonvoltage.ca
Vernon Websites,(250) 308-7545,mike@vernonwebsites.com
Vike Bikes,(778) 392-5655,kylanvike@gmail.com
Village Green Shopping Centre,(250) 545-3204,vgmmarketing@bgo.com
Vintage Chic Weddings & Events,(250) 503-8539,vintagechicweddings.events@gmail.com
Vinterra Wellness,(587) 742-8627,info@vinterrawellness.ca
Vision Garage Doors,(250) 309-7133,info@visiondoors.ca
Voyager RV Centre Ltd,(800) 668-1447,sales@voyagerrv.ca
Vuuren Construction LTD,(250) 306-1185,amos@73logistics.com
Wales Equine Veterinary Services Ltd,(250) 258-2299,office@walesequine.com
Wangler Mobile Mechanic Services Ltd.,(250) 503-8090,support@clickmechanic.com
Wayside Press Ltd,(250) 545-2341,sales@waysideco.ca
Wells Gray Tours Ltd,(250) 545-9197,info@wellsgraytours.com
Westridge Quarries Ltd,(250) 546-8800,info@westridgerock.com
Westwood Cabinetry,(250) 212-1181,info@westwoodcabinetry.com
Whib's Gym Inc,(250) 838-6555,info@whibsgym.com
White House Mortgages - Deb White,(250) 545-2202,deb@debwhite.ca
White Line Professional Driving School Inc,(250) 351-9300,info@okdriving.ca
White Valley Veterinary Services,(250) 547-9700,info@whitevalleyvet.ca
Whitevalley Community Resource Centre,(250) 547-8866,info@whitevalley.ca
Wholesale Grafix Distribution & Signage Ltd,(250) 260-3100,info@wholesalegrafix.com
Wild Antho,(250) 309-5408,hello@wildantho.com
Wild Dahlia Salon,(778) 475-9279,wilddahliasalon@gmail.com
Wild Goose Technologies Ltd,,kgoose789@gmail.com
Wild Realty,(250) 307-8455,ace@wildrealty.ca
Willow Clinic,,contact@willowclinic.ca
Wood Lake RV Park and Marina,(250) 766-1881,info@woodlakerv.com
Wood Mountain Naturals Pet Products,(778) 594-7387,info@woodmountainnaturals.com
Woodstyle Homes Ltd,(250) 558-9765,woodstyle@telus.net
World Trade Centre Okanagan,(778) 996-9228,info@wtcokanagan.com
Worx Services,(604) 764-9548,info@worxservices.ca
Xced Plumbing Heating A/C,(236) 599-5777,info@xcedplumbing.com
Xcel Advisory Group,(250) 869-2419,support@bebee.com
Yankee Flats Meats,(236) 873-6328,yfmeats@gmail.com
Yenin.art Studio,(250) 241-8841,nick-manager@yenin.art
Zakreet Barbershop,(250) 463-3105,zakreet.barbershop@gmail.com
Zelaney Farms,(250) 549-2436,info@zelaneyfarms.ca
